ID Year,Year,ID Health Coverage,Health Coverage,ID Gender,Gender,Health Insurance by Gender and Age,Geography,ID Geography,Slug Geography,Share
2022,"2022",0,"Private",0,"Male",820846,"Chicago, IL","16000US1714000","chicago-il",49.21561021118717
2022,"2022",0,"Private",1,"Female",847011,"Chicago, IL","16000US1714000","chicago-il",50.78438978881283
2022,"2022",1,"Public",0,"Male",430873,"Chicago, IL","16000US1714000","chicago-il",45.00298715731248
2022,"2022",1,"Public",1,"Female",526559,"Chicago, IL","16000US1714000","chicago-il",54.99701284268752
2021,"2021",0,"Private",0,"Male",824509,"Chicago, IL","16000US1714000","chicago-il",49.23920437002873
2021,"2021",0,"Private",1,"Female",849988,"Chicago, IL","16000US1714000","chicago-il",50.76079562997127
2021,"2021",1,"Public",0,"Male",434518,"Chicago, IL","16000US1714000","chicago-il",45.03444551886964
2021,"2021",1,"Public",1,"Female",530339,"Chicago, IL","16000US1714000","chicago-il",54.96555448113036
2020,"2020",0,"Private",0,"Male",808805,"Chicago, IL","16000US1714000","chicago-il",49.138024260230644
2020,"2020",0,"Private",1,"Female",837181,"Chicago, IL","16000US1714000","chicago-il",50.86197573976935
2020,"2020",1,"Public",0,"Male",425256,"Chicago, IL","16000US1714000","chicago-il",44.46233484344565
2020,"2020",1,"Public",1,"Female",531185,"Chicago, IL","16000US1714000","chicago-il",55.53766515655435
2019,"2019",0,"Private",0,"Male",796086,"Chicago, IL","16000US1714000","chicago-il",49.24071717913335
2019,"2019",0,"Private",1,"Female",820637,"Chicago, IL","16000US1714000","chicago-il",50.75928282086666
2019,"2019",1,"Public",0,"Male",440452,"Chicago, IL","16000US1714000","chicago-il",44.49162900544059
2019,"2019",1,"Public",1,"Female",549514,"Chicago, IL","16000US1714000","chicago-il",55.50837099455941
2018,"2018",0,"Private",0,"Male",779169,"Chicago, IL","16000US1714000","chicago-il",49.19322303561789
2018,"2018",0,"Private",1,"Female",804726,"Chicago, IL","16000US1714000","chicago-il",50.8067769643821
2018,"2018",1,"Public",0,"Male",442387,"Chicago, IL","16000US1714000","chicago-il",44.182279229424026
2018,"2018",1,"Public",1,"Female",558890,"Chicago, IL","16000US1714000","chicago-il",55.817720770575974
2017,"2017",0,"Private",0,"Male",755665,"Chicago, IL","16000US1714000","chicago-il",48.98854741613475
2017,"2017",0,"Private",1,"Female",786869,"Chicago, IL","16000US1714000","chicago-il",51.01145258386525
2017,"2017",1,"Public",0,"Male",434121,"Chicago, IL","16000US1714000","chicago-il",43.96736383790895
2017,"2017",1,"Public",1,"Female",553250,"Chicago, IL","16000US1714000","chicago-il",56.032636162091045
2016,"2016",0,"Private",0,"Male",734408,"Chicago, IL","16000US1714000","chicago-il",48.77764966552074
2016,"2016",0,"Private",1,"Female",771216,"Chicago, IL","16000US1714000","chicago-il",51.22235033447926
2016,"2016",1,"Public",0,"Male",422926,"Chicago, IL","16000US1714000","chicago-il",43.9910047098374
2016,"2016",1,"Public",1,"Female",538466,"Chicago, IL","16000US1714000","chicago-il",56.0089952901626
2015,"2015",0,"Private",0,"Male",712486,"Chicago, IL","16000US1714000","chicago-il",48.576493287789845
2015,"2015",0,"Private",1,"Female",754244,"Chicago, IL","16000US1714000","chicago-il",51.423506712210155
2015,"2015",1,"Public",0,"Male",414499,"Chicago, IL","16000US1714000","chicago-il",43.87263462951085
2015,"2015",1,"Public",1,"Female",530279,"Chicago, IL","16000US1714000","chicago-il",56.12736537048916
2014,"2014",0,"Private",0,"Male",696470,"Chicago, IL","16000US1714000","chicago-il",48.452109305431875
2014,"2014",0,"Private",1,"Female",740970,"Chicago, IL","16000US1714000","chicago-il",51.547890694568125
2014,"2014",1,"Public",0,"Male",398634,"Chicago, IL","16000US1714000","chicago-il",43.446095361821925
2014,"2014",1,"Public",1,"Female",518903,"Chicago, IL","16000US1714000","chicago-il",56.553904638178075
2013,"2013",0,"Private",0,"Male",691241,"Chicago, IL","16000US1714000","chicago-il",48.249354514697664
2013,"2013",0,"Private",1,"Female",741402,"Chicago, IL","16000US1714000","chicago-il",51.750645485302336
2013,"2013",1,"Public",0,"Male",389039,"Chicago, IL","16000US1714000","chicago-il",43.59889007681153
2013,"2013",1,"Public",1,"Female",503275,"Chicago, IL","16000US1714000","chicago-il",56.40110992318847